datetime,open,high,low,close,volume,candle,bb_upper,bb_middle,bb_lower,returns,stoch_k,stoch_d,short_ema,long_ema,short_vama,long_vama,ticker,anomoly,trading,trend_cnt,dtrend_cnt,profit
2021-11-06 15:00:00,0.3348,0.3379,0.3313,0.3343,10038664.4012,-0.0005000000000000004,0.38920271437173337,0.34287,0.29653728562826664,-0.0014934289127837008,24.299999999999994,19.933333333333326,0.3329224680861921,0.33191342931054446,0.32806978790784064,0.3555725863623615,CROUSD,0,SELL,0.0,1.0,0.0
2021-11-06 17:00:00,0.3343,0.3374,0.3322,0.3364,8698591.201200001,0.0020999999999999908,0.3888728376699747,0.3437,0.2985271623300253,0.006281782829793636,26.399999999999984,25.166666666666657,0.33355495317456624,0.3323486668428956,0.32941997215130514,0.35688794437093524,CROUSD,0,SELL,0.0,0.0,0.0
2021-11-06 19:00:00,0.3364,0.3502,0.3355,0.3415,17764268.001199998,0.005100000000000049,0.38872031273033286,0.34466,0.3005996872696672,0.015160523186682706,37.278106508875766,29.32603550295858,0.3349998932364493,0.3332348587844182,0.3320029889088834,0.3578884852303403,CROUSD,0,SELL,1.0,0.0,0.0
2021-11-06 21:00:00,0.3409,0.3425,0.337,0.3409,9151258.801199999,0.0,0.3885547976972751,0.345485,0.3024152023027249,-0.0017569546120059787,44.14285714285712,35.94032121724428,0.336072874497369,0.3339759463836649,0.33290396875269057,0.3599478627673599,CROUSD,0,SELL,2.0,0.0,0.0
2021-11-06 23:00:00,0.341,0.3425,0.3305,0.3321,9281526.1012,-0.008900000000000019,0.384678791900505,0.343395,0.302111208099495,-0.02581402170724545,48.0434782608696,43.15481397086749,0.3353504044499791,0.3337948362225309,0.3322528561224653,0.35634742437339495,CROUSD,0,SELL,0.0,0.0,0.0
2021-11-07 01:00:00,0.3316,0.3344,0.3298,0.3308,3749710.7012,-0.0008000000000000229,0.3817409518583893,0.34160500000000005,0.3014690481416108,-0.003914483589280371,47.05882352941175,46.415052977712826,0.3345229370866257,0.3335060815807635,0.3326509736150479,0.35334012324378017,CROUSD,0,SELL,0.0,1.0,0.0
2021-11-07 02:00:00,0.3308,0.3324,0.3261,0.3324,2574887.6012,0.0015999999999999903,0.37701953657221515,0.33957,0.3021204634277848,0.0048367593712213,50.980392156862706,48.69423131571469,0.3341369023013137,0.3333995615833732,0.33323191657956525,0.3500576221154142,CROUSD,0,SELL,0.0,0.0,0.0
2021-11-07 04:00:00,0.3325,0.3412,0.3317,0.3411,3466254.4011999997,0.008599999999999997,0.3729948899602239,0.338175,0.3033551100397761,0.026173285198556107,72.3039215686275,56.781045751633975,0.33540304410828387,0.3341403544667075,0.33499150787369475,0.34705530877906626,CROUSD,0,SELL,1.0,0.0,0.0
2021-11-07 06:00:00,0.3406,0.3464,0.3362,0.3422,8787657.201200001,0.0015999999999999903,0.36055672304326136,0.33576,0.31096327695673864,0.0032248607446496713,75.00000000000003,66.09477124183007,0.3366389533372555,0.3349149574027938,0.33783735600643344,0.338793374986972,CROUSD,0,SELL,2.0,0.0,0.0
2021-11-07 08:00:00,0.3429,0.347,0.3383,0.3467,9659497.201200001,0.0038000000000000256,0.35149688606559026,0.33431,0.31712311393440973,0.0131502045587375,90.93264248704664,79.41218801855806,0.3384683545263609,0.33604661846182654,0.339694562738622,0.3348947252290884,CROUSD,0,BUY,3.0,0.0,0.0
2021-11-07 10:00:00,0.3467,0.3538,0.342,0.3529,15620098.701200001,0.006199999999999983,0.3529720253717207,0.33463000000000004,0.3162879746282794,0.017882895875396487,97.84688995215308,87.92651081306657,0.34109243087195096,0.3376636949687983,0.3430686799651793,0.33667158002142916,CROUSD,0,SELL,4.0,0.0,0.006137999999999984
2021-11-07 12:00:00,0.3529,0.3619,0.3507,0.3581,16575449.801199999,0.005199999999999982,0.35678435802858954,0.33630499999999997,0.3158256419714104,0.014735052422782502,92.3847695390781,93.72143399275927,0.344184851933589,0.3396231575090669,0.3464226506625975,0.3409611171461886,CROUSD,0,BUY,5.0,0.0,0.006137999999999984
2021-11-07 14:00:00,0.3582,0.369,0.3427,0.3483,22239065.1012,-0.00990000000000002,0.35809352125821375,0.3373,0.3165064787417862,-0.0273666573582797,57.58196721311477,82.60454223478199,0.3449330875498513,0.3404545708475848,0.3474448879033403,0.3427548236310119,CROUSD,0,HOLD,0.0,0.0,0.006137999999999984
2021-11-07 16:00:00,0.3478,0.3509,0.3444,0.3507,10742804.4012,0.0029000000000000137,0.35969810435233607,0.338225,0.31675189564766393,0.006890611541774394,57.342657342657375,69.10313136495007,0.3459816479028117,0.34143571511178566,0.34818252294992424,0.3436507951784534,CROUSD,0,HOLD,0.0,0.0,0.006137999999999984
2021-11-07 18:00:00,0.3509,0.3635,0.3484,0.3504,16328778.2012,-0.0005000000000000004,0.35990908513571424,0.33829,0.3166709148642857,-0.0008554319931566301,56.643356643356626,57.18932706637625,0.34678500396515904,0.3422937204415361,0.3494020949352284,0.3442913474355907,CROUSD,0,HOLD,0.0,0.0,0.006137999999999984
2021-11-07 20:00:00,0.3504,0.3565,0.3485,0.3565,7749198.0012,0.006099999999999994,0.36188395132699785,0.33991999999999994,0.31795604867300203,0.01740867579908678,70.86247086247083,61.616161616161605,0.34855140163251985,0.34365281028414624,0.35027131308816445,0.34541079241060463,CROUSD,0,HOLD,0.0,0.0,0.006137999999999984
2021-11-07 22:00:00,0.3566,0.3797,0.3554,0.3767,15635011.0012,0.020100000000000007,0.368850150443241,0.342485,0.316119849556759,0.056661991584852744,94.40298507462686,73.96960419348477,0.35366941099214777,0.34681301758353406,0.3533236568847662,0.34925998146590786,CROUSD,0,HOLD,1.0,0.0,0.006137999999999984
2021-11-08 00:00:00,0.3767,0.418,0.3762,0.3883,48022108.1012,0.0116,0.3774822637081569,0.34579,0.31409773629184307,0.03079373506769323,67.68226332970619,77.64923975560129,0.3599659646472971,0.3507787551446351,0.36060757242357255,0.3592102648426337,CROUSD,0,HOLD,2.0,0.0,0.006137999999999984
2021-11-08 02:00:00,0.3883,0.3915,0.37,0.3866,12729308.301199999,-0.0016999999999999793,0.38338922867902947,0.349085,0.3147807713209705,-0.004378058202420765,65.83242655059848,75.9725583183105,0.3648085687113935,0.3542017009778493,0.36313992309470666,0.36181614647007515,CROUSD,0,HOLD,0.0,0.0,0.006137999999999984
2021-11-08 04:00:00,0.3856,0.3971,0.3801,0.3927,13227922.4012,0.007099999999999995,0.3906970355542009,0.35198,0.31326296444579915,0.01577858251422648,72.47007616974973,68.66158868335147,0.36987978274629396,0.35787928597112234,0.36603246190359284,0.36428850331863577,CROUSD,0,HOLD,0.0,0.0,0.006137999999999984
2021-11-08 06:00:00,0.3926,0.419,0.3898,0.3931,34988829.5012,0.0005000000000000004,0.39678618281092615,0.35492,0.3130538171890739,0.0010185892538834285,70.33218785796107,69.54489685943643,0.374101670882927,0.361242808613204,0.37108703520306197,0.36847872562040185,CROUSD,0,HOLD,1.0,0.0,0.006137999999999984
2021-11-08 08:00:00,0.3931,0.4142,0.3922,0.4106,31210511.8012,0.017500000000000016,0.40633012026907483,0.35863,0.3109298797309252,0.04451793436784546,89.85507246376815,77.55244549715965,0.38073776988777197,0.3659551158041241,0.37706135145482017,0.37317291742090686,CROUSD,0,HOLD,2.0,0.0,0.006137999999999984
2021-11-08 10:00:00,0.4106,0.4188,0.395,0.4034,32787069.301200002,-0.00720000000000004,0.4126677284207212,0.36172499999999996,0.31078227157927873,-0.017535314174379035,80.66914498141263,80.28546843438062,0.38485819525943543,0.3695292709011004,0.38437790508306324,0.37666953195612224,CROUSD,0,HOLD,0.0,0.0,0.006137999999999984
2021-11-08 12:00:00,0.4034,0.4039,0.384,0.3843,20076771.8012,-0.019100000000000006,0.414800049899427,0.363895,0.31298995010057307,-0.04734754586018841,54.9350649350649,75.15309412674856,0.38475670481129315,0.37093885289063316,0.3867919158678978,0.3774370168805941,CROUSD,0,SELL,0.0,1.0,0.03207599999999998
2021-11-08 14:00:00,0.3845,0.3906,0.3795,0.3869,16649157.2012,0.0024000000000000132,0.4162162899770615,0.366635,0.3170537100229385,0.006765547749154388,57.92922673656622,64.51114555101458,0.38514639610528173,0.3724617439662431,0.39070014145720655,0.37835476471884827,CROUSD,0,BUY,0.0,0.0,0.03207599999999998
2021-11-08 16:00:00,0.3867,0.408,0.3867,0.3932,22065532.001199998,0.006500000000000006,0.41766678187153183,0.36975499999999994,0.32184321812846806,0.01628327733264401,66.18610747051115,59.683466380714094,0.3866106915952356,0.37444008558648056,0.39254780646299614,0.37935521335832706,CROUSD,0,HOLD,1.0,0.0,0.03207599999999998
2021-11-08 18:00:00,0.3929,0.3992,0.3578,0.378,27907032.701200005,-0.014900000000000024,0.4166914087461727,0.372035,0.3273785912538273,-0.038657171922685585,45.04021447721182,56.38518289476306,0.38504510791741536,0.3747796327811916,0.39284317883044406,0.37947803007518893,CROUSD,0,HOLD,0.0,0.0,0.03207599999999998
2021-11-08 20:00:00,0.378,0.3944,0.3777,0.388,16374784.6012,0.010000000000000009,0.41707932083769006,0.37438000000000005,0.33168067916231003,0.02645502645502651,56.09065155807369,55.77232450193222,0.3855823619745316,0.37604042108812186,0.3937193241949524,0.37998227341565055,CROUSD,0,HOLD,0.0,0.0,0.03207599999999998
2021-11-08 22:00:00,0.3881,0.3899,0.3783,0.3787,9594235.6012,-0.00940000000000002,0.4161440311665957,0.376205,0.3362659688334043,-0.02396907216494848,42.836879432624116,47.98924848930321,0.3843310216210588,0.37629402474091717,0.3936118624793544,0.38067245857396276,CROUSD,0,HOLD,0.0,0.0,0.03207599999999998
2021-11-09 00:00:00,0.3787,0.379,0.3647,0.3665,8566871.4012,-0.012199999999999989,0.41497800787669653,0.377195,0.3394119921233035,-0.032215473989965604,17.452830188679247,38.79345372645901,0.3810890138475614,0.37536022632411514,0.3926730786743039,0.38126060434998177,CROUSD,0,HOLD,0.0,1.0,0.03207599999999998
2021-11-09 02:00:00,0.3663,0.3713,0.364,0.3705,6605017.0012,0.0041999999999999815,0.4142615851852369,0.378075,0.34188841481476306,0.01091405184174632,20.751633986928095,27.013781202743818,0.379163736735607,0.3748968833575612,0.39171726225531006,0.38234769363962023,CROUSD,0,HOLD,0.0,0.0,0.03207599999999998
2021-11-09 04:00:00,0.3701,0.3726,0.36,0.3623,9429379.1012,-0.007799999999999974,0.41402954835135136,0.37828500000000004,0.3425404516486487,-0.02213225371120109,7.3529411764705985,15.185801784025982,0.37609760035103107,0.3736960915786171,0.38569323693836066,0.38321936964299563,CROUSD,0,HOLD,0.0,0.0,0.03207599999999998
2021-11-09 06:00:00,0.3625,0.3689,0.3577,0.3658,17687024.9012,0.003300000000000025,0.4125962173634958,0.37916000000000005,0.34572378263650433,0.009660502346122035,13.213703099510605,13.772759420969768,0.3742253081627389,0.3729434655302497,0.3787180215050739,0.38496833656664897,CROUSD,0,HOLD,0.0,0.0,0.03207599999999998
2021-11-09 08:00:00,0.3658,0.3672,0.3539,0.3572,17803883.3012,-0.008599999999999997,0.411866168991609,0.37948499999999996,0.34710383100839093,-0.023510114816839844,5.0691244239631725,8.545256233314793,0.3711297959436271,0.3714429743266522,0.3748265004521045,0.38513718826669685,CROUSD,0,HOLD,0.0,0.0,0.03207599999999998
2021-11-09 10:00:00,0.3575,0.3584,0.346,0.3497,17292056.501199998,-0.007799999999999974,0.41196477396993214,0.37945,0.3469352260300679,-0.020996640537514044,5.08241758241763,7.788415035297137,0.36723346771528276,0.3693708235512043,0.3702534506840723,0.38568215021089564,CROUSD,0,HOLD,0.0,1.0,0.03207599999999998
2021-11-09 12:00:00,0.3499,0.3536,0.34,0.3483,15178763.9012,-0.0015999999999999903,0.412950122692975,0.37904,0.345129877307025,-0.004003431512725197,10.532994923857837,6.8948456434128795,0.36379101781585227,0.36736285863381085,0.3647586380558692,0.3853245164346952,CROUSD,0,HOLD,0.0,2.0,0.03207599999999998
2021-11-09 14:00:00,0.3483,0.3589,0.3473,0.3582,12174885.5012,0.00990000000000002,0.413279951151305,0.378115,0.34295004884869495,0.028423772609819098,26.764705882352953,14.126706129542805,0.36277446882635156,0.36648972552763825,0.3620886784679663,0.3851226177402974,CROUSD,0,HOLD,0.0,0.0,0.03207599999999998
2021-11-09 16:00:00,0.358,0.3582,0.3457,0.3501,10256429.4012,-0.007899999999999963,0.4131455482534186,0.376205,0.33926445174658143,-0.022613065326633208,14.852941176470596,17.38354732756046,0.3604700194003619,0.3649280226720851,0.3583350081954217,0.3836560932331111,CROUSD,0,HOLD,0.0,0.0,0.03207599999999998
2021-11-09 18:00:00,0.3502,0.3527,0.3422,0.3432,10539855.9012,-0.007000000000000006,0.4134223222991196,0.374035,0.3346476777008804,-0.019708654670094305,4.705882352941152,15.441176470588234,0.35733001526156527,0.3628577557115258,0.3557591954898164,0.3824297237762023,CROUSD,0,HOLD,0.0,1.0,0.03207599999999998
2021-11-09 20:00:00,0.3432,0.3446,0.336,0.3394,12320771.701200001,-0.0038000000000000256,0.4126090259724679,0.37137,0.33013097402753205,-0.011072261072261114,5.379746835442974,8.31285678828491,0.35407001196733234,0.3606227739307461,0.35359425208014905,0.38052693134404847,CROUSD,0,HOLD,0.0,2.0,0.03207599999999998
2021-11-09 22:00:00,0.3394,0.3488,0.3381,0.3449,9317306.201200001,0.005500000000000005,0.41048469905464624,0.36896,0.3274353009453538,0.016205067766646986,15.23972602739721,8.441785071927114,0.35240273684683915,0.3591248151807521,0.3522863708035973,0.37771121215183473,CROUSD,0,HOLD,0.0,0.0,0.03207599999999998
2021-11-10 00:00:00,0.3449,0.3577,0.3445,0.3525,4342545.401199999,0.007599999999999996,0.4032138042977986,0.36605499999999996,0.32889619570220135,0.022035372571759915,30.61224489795911,17.077239253599767,0.3524204210583909,0.35849367008495675,0.3516632481040668,0.37279306239407833,CROUSD,0,HOLD,1.0,0.0,0.03207599999999998
2021-11-10 02:00:00,0.3523,0.359,0.3523,0.359,2666104.60119,0.006699999999999984,0.39665105993219907,0.363835,0.33101894006780097,0.018439716312056653,53.488372093023195,33.11344767279317,0.3536167082430764,0.35854190652462903,0.34981561330714084,0.36792013183670547,CROUSD,0,HOLD,2.0,0.0,0.03207599999999998
2021-11-10 04:00:00,0.359,0.366,0.3439,0.345,9039630.401199998,-0.014000000000000012,0.39422969552911213,0.36187,0.3295103044708879,-0.03899721448467974,24.590163934426123,36.230260308469475,0.35205003390520523,0.3572518492390307,0.3481621185619763,0.3653502530190065,CROUSD,0,HOLD,0.0,0.0,0.03207599999999998
2021-11-10 06:00:00,0.3449,0.3563,0.3439,0.3558,8582531.6012,0.01090000000000002,0.3905280870911753,0.360315,0.3301019129088247,0.03130434782608704,54.09836065573771,44.058965561062344,0.3527318459622697,0.35711354374895987,0.3488601576682552,0.3632501978381799,CROUSD,0,HOLD,0.0,0.0,0.03207599999999998
2021-11-10 08:00:00,0.356,0.3617,0.3526,0.3563,9935338.6012,0.00030000000000002247,0.3844358155840976,0.35847,0.3325041844159024,0.0014052838673412893,61.702127659574444,46.79688408324609,0.35338060127286447,0.3570360460869671,0.3500263723454678,0.35981512871423776,CROUSD,0,HOLD,1.0,0.0,0.03207599999999998
2021-11-10 10:00:00,0.3564,0.3645,0.353,0.3552,12973386.301199999,-0.0011999999999999789,0.38163439423123663,0.35733000000000004,0.33302560576876344,-0.003087285994948008,61.53846153846151,59.11298328459122,0.3537114010543706,0.35686114922044765,0.34999954286285195,0.35727611821241545,CROUSD,0,HOLD,0.0,0.0,0.03207599999999998
2021-11-10 12:00:00,0.3554,0.3617,0.3437,0.3442,10993550.5012,-0.011199999999999988,0.3753581158995173,0.35513999999999996,0.3349218841004826,-0.030968468468468457,27.33333333333331,50.191307510456426,0.35198205535279065,0.35565510503341496,0.3491870720945303,0.3542198615359894,CROUSD,0,HOLD,0.0,1.0,0.03207599999999998
2021-11-10 14:00:00,0.3444,0.3462,0.31,0.3213,21278701.001199998,-0.02310000000000001,0.3745929973463762,0.35226999999999997,0.32994700265362376,-0.06653108657757123,20.17857142857139,36.35012210012207,0.3464034996880666,0.3523826490674997,0.3441655893510288,0.3494813479969707,CROUSD,0,HOLD,0.0,2.0,0.03207599999999998
2021-11-10 16:00:00,0.3214,0.3299,0.3179,0.3294,9046977.9012,0.008000000000000007,0.3738950049314082,0.35041500000000003,0.32693499506859186,0.025210084033613578,34.642857142857196,27.384920634920633,0.3433119542240208,0.35019349778387426,0.3432953645656626,0.3479626373178762,CROUSD,0,HOLD,0.0,0.0,0.03207599999999998
2021-11-10 18:00:00,0.3293,0.3334,0.3234,0.3286,10028942.1012,-0.0006999999999999784,0.3717313422803655,0.34832,0.32490865771963456,-0.0024286581663631734,33.21428571428573,29.345238095238106,0.3406370534091419,0.3481366957363543,0.34177099514371995,0.3464119114999629,CROUSD,0,HOLD,0.0,0.0,0.03207599999999998
2021-11-10 20:00:00,0.3287,0.3287,0.3222,0.3252,5477419.101199999,-0.003500000000000003,0.37106155731152135,0.34646499999999997,0.3218684426884786,-0.010346926354230068,27.142857142857128,31.666666666666686,0.337830316385419,0.3459519809257075,0.34056719985780265,0.34526314279996106,CROUSD,0,HOLD,0.0,1.0,0.03207599999999998
2021-11-10 22:00:00,0.3253,0.3343,0.3245,0.3341,4178892.2012,0.00880000000000003,0.3682872053683882,0.34487999999999996,0.3214727946316117,0.027367773677736906,43.03571428571431,34.46428571428573,0.33715207703465916,0.34482309573341624,0.33987806061253456,0.3436175025668872,CROUSD,0,HOLD,0.0,0.0,0.03207599999999998
2021-11-11 00:00:00,0.3343,0.3391,0.3321,0.3386,3712736.6011999995,0.004300000000000026,0.36676675284799143,0.34395,0.3211332471520085,0.01346902125112237,51.0714285714286,40.41666666666668,0.337415335758157,0.34423036051775247,0.33937436886727557,0.3425844750621532,CROUSD,0,HOLD,1.0,0.0,0.03207599999999998
2021-11-11 02:00:00,0.3386,0.3389,0.332,0.337,2218823.4012,-0.0015999999999999903,0.36616483243057313,0.343315,0.32046516756942683,-0.004725339633786185,48.21428571428576,47.440476190476225,0.3373398201651718,0.3435416922799817,0.337634285032454,0.3420165574967227,CROUSD,0,HOLD,0.0,0.0,0.03207599999999998
2021-11-11 04:00:00,0.3371,0.3444,0.3356,0.3438,2992438.2012,0.006699999999999984,0.36582146671350924,0.34309,0.3203585332864908,0.020178041543026604,60.357142857142854,53.214285714285744,0.3385143983245056,0.3435662950345572,0.33533801872618546,0.34169412987328485,CROUSD,0,HOLD,0.0,0.0,0.03207599999999998
2021-11-11 06:00:00,0.3438,0.3493,0.3349,0.338,7615060.4012,-0.005799999999999972,0.36375517134030527,0.34208000000000005,0.32040482865969483,-0.016870273414775983,50.00000000000004,52.85714285714289,0.338420871355922,0.34303613232767427,0.33191459770257026,0.340657915654253,CROUSD,0,HOLD,0.0,0.0,0.03207599999999998
2021-11-11 08:00:00,0.3379,0.3409,0.3336,0.3359,7781453.1012,-0.0020000000000000018,0.36286860215774164,0.34137,0.3198713978422584,-0.006213017751479422,47.522935779816486,52.62669287898647,0.33796253110741936,0.342356455011083,0.33050841373998896,0.3399384572980675,CROUSD,0,HOLD,0.0,1.0,0.03207599999999998
2021-11-11 10:00:00,0.3359,0.3401,0.3345,0.3376,4789594.4012,0.0017000000000000348,0.3626340698886824,0.34109,0.3195459301113176,0.005061030068472805,50.64220183486242,49.38837920489299,0.3378966163603839,0.3419034317567397,0.334141921130605,0.3396974683142215,CROUSD,0,HOLD,0.0,0.0,0.03207599999999998
2021-11-11 12:00:00,0.3374,0.3472,0.3374,0.3462,5092661.4012,0.00880000000000003,0.3630761592557739,0.34143,0.3197838407442261,0.02547393364928907,66.42201834862388,54.86238532110093,0.3394063224810246,0.3423126512393246,0.3365065096248516,0.3400294211757361,CROUSD,0,HOLD,1.0,0.0,0.03207599999999998
2021-11-11 14:00:00,0.3462,0.3478,0.3416,0.3443,4437516.7012,-0.0019000000000000128,0.36302756525703667,0.34140000000000004,0.3197724347429634,-0.005488157134604266,66.34429400386843,61.13617139578491,0.34029608203202527,0.34250193196881995,0.3387630772869394,0.34001262776910823,CROUSD,0,HOLD,0.0,0.0,0.03207599999999998
2021-11-11 16:00:00,0.3443,0.3481,0.343,0.3472,3597420.5012,0.0029000000000000137,0.3623151570492664,0.341135,0.3199548429507336,0.008422887017136338,94.65648854961835,75.80760030070356,0.34155133984680375,0.3429493871650072,0.34075594612214893,0.3399999508172058,CROUSD,0,HOLD,0.0,0.0,0.03207599999999998
2021-11-11 18:00:00,0.3469,0.3472,0.3349,0.3399,4921806.601199999,-0.007000000000000006,0.3596193632124428,0.34018000000000004,0.32074063678755727,-0.021025345622119884,70.06369426751584,77.02149227366755,0.3412510962378205,0.34265895750919245,0.340994063649179,0.33972211642507055,CROUSD,0,HOLD,0.0,0.0,0.03207599999999998
2021-11-11 20:00:00,0.3396,0.347,0.3395,0.347,4562992.7012,0.007399999999999962,0.3598439410516822,0.34028,0.32071605894831784,0.02088849661665204,91.51291512915121,85.4110326487618,0.34229635146865633,0.3430724053650842,0.34182279301261864,0.3397848229842779,CROUSD,0,HOLD,0.0,0.0,0.03207599999999998
2021-11-11 22:00:00,0.347,0.3563,0.3466,0.3543,6319251.301200001,0.007300000000000029,0.3595284490764598,0.340205,0.32088155092354015,0.02103746397694528,94.1348973607038,85.23716891912362,0.34447883302211374,0.3441417357492721,0.3436732068879454,0.339910165643178,CROUSD,0,HOLD,1.0,0.0,0.03207599999999998
2021-11-12 00:00:00,0.3543,0.36,0.3463,0.3482,5520545.0012,-0.006099999999999994,0.3580105810768878,0.3398,0.32158941892311216,-0.01721704769968946,66.76056338028174,84.13612529004558,0.3451554088368593,0.34452824876738164,0.344145075749127,0.33938969369465766,CROUSD,0,HOLD,0.0,0.0,0.03207599999999998
2021-11-12 02:00:00,0.3483,0.3565,0.3409,0.341,2785249.9011999997,-0.007299999999999973,0.35581953895611657,0.33909,0.32236046104388344,-0.020677771395749556,32.14285714285721,64.34610596128091,0.3443998799568964,0.3441922159028306,0.34459501076021354,0.3380479056757653,CROUSD,0,HOLD,0.0,1.0,0.03207599999999998
2021-11-12 04:00:00,0.3409,0.3431,0.33,0.3368,4881114.701199999,-0.0040999999999999925,0.35530034346669864,0.33872,0.3221396565333014,-0.012316715542522116,22.6666666666666,40.523362396601854,0.3430180836002981,0.34348817795334097,0.3446967972951101,0.33751141074906926,CROUSD,0,HOLD,0.0,2.0,0.03207599999999998
2021-11-12 06:00:00,0.3368,0.3431,0.3353,0.3427,4082994.8011999996,0.005900000000000016,0.35426537291584026,0.33979000000000004,0.3253146270841598,0.017517814726840886,42.33333333333334,32.38095238095239,0.3429602502183984,0.343413111709038,0.3451247569597766,0.3400901982557491,CROUSD,0,HOLD,0.0,0.0,0.03207599999999998
2021-11-12 08:00:00,0.3427,0.3468,0.3385,0.3446,5615677.3012,0.0019000000000000128,0.35430675910426,0.34055,0.32679324089574,0.005544207761890796,48.66666666666672,37.88888888888889,0.34325838654244134,0.3435261509743832,0.34495279442932586,0.3411093157728298,CROUSD,0,HOLD,1.0,0.0,0.03207599999999998
2021-11-12 10:00:00,0.3443,0.3516,0.339,0.3507,6251375.0012,0.006400000000000017,0.3549114145346997,0.341655,0.32839858546530026,0.017701683110853184,69.00000000000006,53.33333333333338,0.34461140717151684,0.3442093871882377,0.3457662718433373,0.3428229042420852,CROUSD,0,HOLD,2.0,0.0,0.03207599999999998
2021-11-12 12:00:00,0.3512,0.3598,0.3499,0.3524,9075365.8012,0.0011999999999999789,0.3546445947343068,0.343015,0.3313854052656932,0.004847447961220386,74.66666666666666,64.11111111111116,0.34602751495888073,0.34498945846071943,0.34670627296731527,0.3445619777196112,CROUSD,0,HOLD,3.0,0.0,0.03207599999999998
2021-11-12 14:00:00,0.3523,0.3575,0.352,0.3547,5584373.9012,0.0024000000000000132,0.35599462672836996,0.34404500000000005,0.33209537327163013,0.006526674233825247,82.33333333333341,75.33333333333339,0.3476043304212367,0.3459142857880639,0.34811279021444874,0.345553812506257,CROUSD,0,HOLD,4.0,0.0,0.03207599999999998
2021-11-12 16:00:00,0.3549,0.36,0.3504,0.359,4387910.201199999,0.0040999999999999925,0.3584536479801676,0.34506500000000007,0.33167635201983253,0.012122920778122381,96.66666666666666,84.55555555555559,0.3496762703450076,0.3471605611676989,0.3490536000210679,0.34645846887111376,CROUSD,0,HOLD,5.0,0.0,0.03207599999999998
2021-11-12 18:00:00,0.3588,0.3627,0.3559,0.361,6131493.1012,0.0021999999999999797,0.36085804448593306,0.346265,0.3316719555140669,0.0055710306406684396,94.80122324159011,91.2670744138634,0.35173513028257114,0.3484786191164056,0.34975776867687325,0.3476192520746429,CROUSD,0,HOLD,6.0,0.0,0.03207599999999998
2021-11-12 20:00:00,0.3612,0.383,0.3596,0.3822,11989900.5012,0.020999999999999963,0.3698186263597595,0.348185,0.32655137364024056,0.05872576177285316,98.4905660377358,96.6528186486642,0.35727419750456496,0.3516902148154613,0.35583512438604914,0.3518832508073893,CROUSD,0,HOLD,7.0,0.0,0.03207599999999998
2021-11-12 22:00:00,0.3823,0.385,0.3712,0.3751,17285747.501199998,-0.007199999999999984,0.37421013381057383,0.35004,0.3258698661894262,-0.01857666143380432,81.99999999999996,91.76392975977531,0.36051525250404287,0.35391974053594316,0.359893603034963,0.35577735917052844,CROUSD,0,HOLD,0.0,0.0,0.03207599999999998
2021-11-13 00:00:00,0.3751,0.3863,0.3747,0.3848,4983416.7012,0.009699999999999986,0.3802573281437892,0.35248500000000005,0.3247126718562109,0.025859770727805875,97.33570159857904,92.6087558787716,0.3649306611400146,0.35686074432553533,0.3629707328139886,0.35789447185086787,CROUSD,0,HOLD,0.0,0.0,0.03207599999999998
2021-11-13 02:00:00,0.3852,0.4,0.3827,0.3837,10508359.701200001,-0.0015000000000000013,0.3849133883604712,0.35479,0.3246666116395288,-0.0028586278586277825,76.71428571428567,85.34999577095489,0.3683432682056836,0.35941688490774254,0.3663228824007528,0.3605407645297303,CROUSD,0,HOLD,0.0,0.0,0.03207599999999998
2021-11-13 04:00:00,0.3837,0.4,0.3819,0.3974,8251835.101199999,0.01369999999999999,0.39265614975505386,0.35734999999999995,0.32204385024494603,0.03570497784727644,96.28571428571422,90.11190053285965,0.37362631035037963,0.3630343513217854,0.3706632254398655,0.36327104066236776,CROUSD,0,HOLD,0.0,0.0,0.03207599999999998
2021-11-13 06:00:00,0.3981,0.4149,0.3923,0.3951,33769217.70120001,-0.0030000000000000027,0.3984064845091987,0.35989,0.3213735154908013,-0.00578761952692497,76.67844522968198,83.22614840989398,0.37753061755956774,0.3660882431567011,0.3774816297951447,0.36930477485418217,CROUSD,0,HOLD,0.0,0.0,0.03207599999999998
2021-11-13 08:00:00,0.3951,0.417,0.3946,0.417,21366998.3012,0.021899999999999975,0.4090415282036717,0.36338,0.3177184717963283,0.05542900531511008,100.0,90.98805317179875,0.38470686891262357,0.3709370113986664,0.38503430463899935,0.37432300427927534,CROUSD,0,HOLD,0.0,0.0,0.03207599999999998
2021-11-13 10:00:00,0.417,0.4384,0.4051,0.4071,41351418.7012,-0.009899999999999964,0.4149456297214554,0.36673999999999995,0.31853437027854453,-0.023741007194244546,68.66866866866867,81.78237129945023,0.3887783472922626,0.37438112450637817,0.390371719069223,0.37942384768295057,CROUSD,0,HOLD,0.0,0.0,0.03207599999999998
2021-11-13 12:00:00,0.4072,0.4078,0.3784,0.385,25904364.3012,-0.022199999999999998,0.4165643438853581,0.36864,0.3207156561146419,-0.05428641611397689,46.277665995975845,71.64877822154818,0.38809137505728974,0.37539245101785723,0.39128891710028985,0.380392028281048,CROUSD,0,HOLD,0.0,1.0,0.03207599999999998
2021-11-13 14:00:00,0.3848,0.3997,0.3848,0.3893,17070120.6012,0.004500000000000004,0.41866438680141455,0.37039,0.32211561319858545,0.011168831168831161,44.51977401129941,53.15536955864798,0.38831112504687765,0.3767169854597164,0.3930534926616838,0.38143897841105256,CROUSD,0,HOLD,0.0,0.0,0.03207599999999998
2021-11-13 16:00:00,0.3895,0.3967,0.385,0.3854,8853806.101200001,-0.0040999999999999925,0.41978544937589596,0.37224999999999997,0.324714550624104,-0.010017980991523179,39.7727272727273,43.523389093334195,0.3877818295838007,0.37754394259628865,0.3941812832089362,0.38227292798182233,CROUSD,0,HOLD,0.0,0.0,0.03207599999999998
2021-11-13 18:00:00,0.3854,0.3979,0.38,0.3932,14366919.201200001,0.007799999999999974,0.4208789617669196,0.37485999999999997,0.32884103823308036,0.020238713025428012,48.636363636363626,44.309621640130125,0.3887669514776677,0.37903500118134703,0.39712906746212295,0.3831277978036284,CROUSD,0,HOLD,0.0,0.0,0.03207599999999998
2021-11-13 20:00:00,0.3931,0.4142,0.3834,0.4119,14108177.6012,0.018799999999999983,0.42380625555842977,0.37861500000000003,0.3334237444415703,0.04755849440488302,67.87878787878786,52.095959595959606,0.3929729602999539,0.3821650115128737,0.398493185881415,0.38506192697194674,CROUSD,0,HOLD,1.0,0.0,0.03207599999999998
2021-11-13 22:00:00,0.4119,0.422,0.4016,0.404,14257776.1012,-0.007899999999999963,0.42488651023070156,0.38167999999999996,0.33847348976929836,-0.019179412478756874,56.345177664974656,57.620109726708726,0.3949778766090703,0.38424454050394136,0.4001649758489512,0.3865333694932359,CROUSD,0,HOLD,0.0,0.0,0.03207599999999998
2021-11-14 00:00:00,0.4041,0.4077,0.4021,0.4031,4626295.4012,-0.0010000000000000009,0.4250761450165089,0.384605,0.344133854983491,-0.0022277227722772297,47.47023809523812,57.231401213000225,0.3964546263165224,0.3860403034561985,0.40043457783397846,0.38796968163955553,CROUSD,0,SELL,0.0,1.0,0.048113999999999976
2021-11-14 02:00:00,0.4031,0.4057,0.3955,0.3988,3017207.9012,-0.004300000000000026,0.4246127938491687,0.38700999999999997,0.3494072061508312,-0.010667328206400484,37.83359497645212,47.21633691222164,0.3968810578953389,0.3872555156540004,0.40203340328669146,0.3894064861641911,CROUSD,0,SELL,0.0,2.0,0.048113999999999976
2021-11-14 04:00:00,0.3991,0.4055,0.3987,0.4037,2287546.5012,0.004599999999999993,0.42411095380560787,0.389575,0.35503904619439214,0.012286860581745218,42.16666666666665,42.490166579452314,0.3981208655507376,0.38882166052208933,0.39876132419294213,0.3914810177316558,CROUSD,0,BUY,0.0,0.0,0.048113999999999976
2021-11-14 06:00:00,0.4037,0.4092,0.4008,0.4086,3409706.5012,0.0049000000000000155,0.4236115883116133,0.39227,0.36092841168838674,0.012137726034183949,50.33333333333334,43.44453165881739,0.400026162723338,0.3907053157115569,0.3955344374368049,0.39287430628049724,CROUSD,0,HOLD,1.0,0.0,0.048113999999999976
2021-11-14 08:00:00,0.4087,0.4183,0.4043,0.4174,8256395.0012,0.008699999999999986,0.42428149993418973,0.39519,0.36609850006581024,0.021536955457660323,64.99999999999997,52.5,0.4031850422281955,0.39324767124950966,0.4020874691715095,0.3943212329191836,CROUSD,0,HOLD,2.0,0.0,0.048113999999999976
2021-11-14 10:00:00,0.4171,0.4318,0.4059,0.4208,19295899.3012,0.003699999999999981,0.4246498915353773,0.39818,0.37171010846462266,0.008145663632007638,70.66666666666666,62.0,0.4063877618230773,0.3958717069045072,0.40983646748913194,0.39680682762956604,CROUSD,0,HOLD,3.0,0.0,0.048113999999999976
2021-11-14 12:00:00,0.4204,0.4398,0.4122,0.4351,20649717.001199998,0.01469999999999999,0.43089830517602645,0.40082499999999993,0.3707516948239734,0.03398288973384034,92.3452768729641,76.00398117987693,0.4116081687643469,0.39960774041604014,0.41759935795811776,0.3998624830910187,CROUSD,0,SELL,4.0,0.0,0.07919999999999996
2021-11-14 14:00:00,0.4344,0.4447,0.4229,0.435,20211209.6012,0.0005999999999999894,0.43501605913033,0.40381999999999996,0.37262394086966993,-0.00022983222247752177,85.36953242835598,82.79382532266226,0.41586122898901845,0.40297843637430186,0.4231042460181395,0.4040819430464986,CROUSD,0,SELL,5.0,0.0,0.07919999999999996
2021-11-14 16:00:00,0.4349,0.4414,0.4291,0.4381,18161801.7012,0.0031999999999999806,0.4398694763798652,0.406485,0.3731005236201348,0.007126436781609069,89.79907264296754,89.17129398142923,0.4199046419001117,0.4063233512983171,0.4263340827655358,0.40617834034703726,CROUSD,0,BUY,6.0,0.0,0.07919999999999996
2021-11-14 18:00:00,0.4377,0.4889,0.4366,0.4763,55503941.10119999,0.03860000000000002,0.45517291762286355,0.411115,0.36705708237713647,0.0871947044053869,88.4297520661157,87.8661190458131,0.43015834337283043,0.4129878014272551,0.44243815565910266,0.41600101690483154,CROUSD,0,HOLD,7.0,0.0,0.07919999999999996
2021-11-14 20:00:00,0.4762,0.4763,0.4552,0.4652,31842870.601200003,-0.01100000000000001,0.4641934387696805,0.414505,0.3648165612303195,-0.023304639932815396,78.23691460055096,85.48857976987809,0.4365295536686854,0.41796039676000857,0.4459117392973255,0.4198690164280771,CROUSD,0,HOLD,0.0,0.0,0.07919999999999996
2021-11-14 22:00:00,0.4651,0.4949,0.4639,0.4902,26478576.501199998,0.02510000000000001,0.47842693244318735,0.41925999999999997,0.3600930675568126,0.05374032674118667,95.78475336322872,87.4838066766318,0.44628781663802286,0.42484036522298124,0.45041890638085363,0.4277960225308405,CROUSD,0,HOLD,0.0,0.0,0.07919999999999996
2021-11-15 00:00:00,0.4902,0.52,0.4747,0.5181,27754041.8012,0.02789999999999998,0.4981307385870909,0.424315,0.3504992614129091,0.05691554467564264,98.4738955823293,90.83185451536967,0.45934457724929967,0.43372224250148916,0.4564101004584426,0.4349257882822352,CROUSD,0,HOLD,1.0,0.0,0.07919999999999996
2021-11-15 02:00:00,0.5181,0.54,0.4872,0.4891,38009269.2012,-0.029000000000000026,0.5071499524470673,0.42841500000000005,0.3496800475529328,-0.05597375024126616,64.77508650519027,86.34457848358278,0.46475465411306616,0.4389963185659875,0.46000077748224644,0.44413008845902724,CROUSD,0,HOLD,0.0,0.0,0.07919999999999996
2021-11-15 04:00:00,0.4884,0.4896,0.4612,0.4765,16974329.1012,-0.011900000000000022,0.5117365728577564,0.43299000000000004,0.35424342714224366,-0.02576160294418317,56.05536332179928,73.10144846977296,0.46689017154705503,0.44256810015319353,0.4626441059022384,0.45044157787529143,CROUSD,0,SELL,0.0,1.0,0.11721599999999996
2021-11-15 06:00:00,0.4767,0.479,0.45,0.4719,23505897.001199998,-0.0048000000000000265,0.5148765593780719,0.43712,0.35936344062192815,-0.009653725078698883,51.804670912951146,57.54504024664691,0.4678010494475909,0.44536161612474084,0.4680260632035573,0.4549050141732023,CROUSD,0,SELL,0.0,2.0,0.11721599999999996
2021-11-15 08:00:00,0.4719,0.4725,0.4421,0.4423,23685137.001199998,-0.02959999999999996,0.5138196018236245,0.43996499999999994,0.36611039817637536,-0.06272515363424447,29.813218390804614,45.89108420851836,0.463164495002573,0.44507003347608654,0.47070677790330356,0.45605829711684337,CROUSD,0,SELL,0.0,3.0,0.11721599999999996
2021-11-15 10:00:00,0.4421,0.494,0.4395,0.4552,34462497.9012,0.0131,0.5137932799094336,0.443065,0.3723367200905664,0.02916572462129774,37.50921149594693,39.70903359990091,0.46171640500210487,0.446034792673371,0.4737140057313303,0.45849670568410666,CROUSD,0,BUY,0.0,0.0,0.11721599999999996
2021-11-15 12:00:00,0.4554,0.474,0.4544,0.4567,19829360.301200002,0.0012999999999999678,0.5147026027190976,0.445305,0.3759073972809024,0.003295254833040495,37.88217747949291,35.068202455414834,0.46080433136535837,0.44705052716239774,0.4768047998702632,0.4602633679969622,CROUSD,0,HOLD,1.0,0.0,0.11721599999999996
2021-11-15 14:00:00,0.4567,0.457,0.4325,0.4349,17676134.9012,-0.021799999999999986,0.513704988397905,0.44684999999999997,0.3799950116020949,-0.04773374206262315,17.762128325508602,31.051172433649494,0.4560944529352925,0.4458933336273046,0.4744782375428542,0.46152637696045684,CROUSD,0,HOLD,0.0,0.0,0.11721599999999996
2021-11-15 16:00:00,0.4346,0.4684,0.4335,0.4438,17630460.4012,0.009199999999999986,0.5125336498802509,0.44888500000000003,0.3852363501197492,0.02046447459186007,17.84799316823225,24.497432991077932,0.4538590978561481,0.4456939684463679,0.473977652359215,0.46164461686893565,CROUSD,0,HOLD,0.0,0.0,0.11721599999999996
2021-11-15 18:00:00,0.4444,0.461,0.4263,0.4335,22834099.401200004,-0.01090000000000002,0.5102874150693025,0.45061999999999997,0.3909525849306974,-0.023208652546191977,6.332453825857505,13.980858439866132,0.45015744370048444,0.44453263773037827,0.4676652635207122,0.46103461973757137,CROUSD,0,HOLD,0.0,0.0,0.11721599999999996
2021-11-15 20:00:00,0.4339,0.4339,0.4103,0.4165,27956536.301200002,-0.017400000000000027,0.5090535490845586,0.45126,0.39346645091544147,-0.03921568627450989,4.78026214340785,9.653569712499216,0.444037908482214,0.4418628619019071,0.45402466660300195,0.45951784255557365,CROUSD,0,HOLD,0.0,1.0,0.11721599999999996
2021-11-15 22:00:00,0.4165,0.4296,0.4068,0.416,21784427.9012,-0.0005000000000000004,0.5083585354723874,0.45163000000000003,0.39490146452761266,-0.0012004801920768582,6.906906906906894,6.006540958724098,0.43894010693999297,0.43939973152372713,0.44356703766452743,0.45863196843682,CROUSD,0,HOLD,0.0,2.0,0.11721599999999996
2021-11-16 00:00:00,0.4163,0.4233,0.4102,0.4211,9708828.4012,0.004799999999999971,0.5080958848544496,0.451815,0.3955341151455505,0.012259615384615286,10.735735735735718,7.474301595350167,0.4356964511327213,0.43765689951904596,0.4398055254617662,0.45898518104866265,CROUSD,0,HOLD,0.0,0.0,0.11721599999999996
2021-11-16 02:00:00,0.4214,0.422,0.4105,0.4106,6282492.0012,-0.010799999999999976,0.5089378661716359,0.45130499999999996,0.393672133828364,-0.02493469484682964,2.852852852852871,6.831831831831841,0.4311334600176808,0.4350800513692525,0.43498609967514296,0.46041986847264904,CROUSD,0,HOLD,0.0,0.0,0.11721599999999996
2021-11-16 04:00:00,0.4105,0.4245,0.3891,0.4234,15484282.701200001,0.012900000000000023,0.5092755822319796,0.45072,0.39216441776802047,0.03117389186556263,22.73028495692511,12.106291181837912,0.4297273763781024,0.4339676652993772,0.4330269983906213,0.46089189572426476,CROUSD,0,HOLD,0.0,0.0,0.11721599999999996
2021-11-16 06:00:00,0.4231,0.4378,0.4112,0.4199,11772260.701200001,-0.0031999999999999806,0.5097504858288304,0.449965,0.3901795141711696,-0.008266414737836514,29.361296472831267,18.31481142753643,0.4279405806729928,0.4326278874064312,0.42809359044311446,0.46150866259217976,CROUSD,0,HOLD,0.0,0.0,0.11721599999999996
2021-11-16 08:00:00,0.4194,0.4394,0.4185,0.4255,12306632.0012,0.006099999999999994,0.5099072978196939,0.44933499999999993,0.38876270218030595,0.013336508692545879,34.69971401334603,28.930431814367484,0.42749683873244865,0.43194904087427866,0.4250845924620647,0.46187425400436455,CROUSD,0,HOLD,0.0,0.0,0.11721599999999996
2021-11-16 10:00:00,0.4255,0.4266,0.4143,0.4163,10703605.8012,-0.009199999999999986,0.5072265610780848,0.44633500000000004,0.3854434389219153,-0.021621621621621623,25.92945662535749,29.99682237051161,0.4254610498720034,0.43045865580565706,0.42337214305048587,0.4585027250837038,CROUSD,0,HOLD,0.0,0.0,0.11721599999999996
2021-11-16 12:00:00,0.4163,0.4216,0.41,0.4155,9948705.9012,-0.0008000000000000229,0.5055510961260633,0.44385,0.3821489038739367,-0.001921691088157651,25.16682554814107,28.598665395614876,0.4236499498952755,0.4290340217261521,0.42058330521807946,0.45686382713998397,CROUSD,0,HOLD,0.0,1.0,0.11721599999999996
2021-11-16 14:00:00,0.4155,0.4184,0.4025,0.4164,10453405.7012,0.0009000000000000119,0.4989481620736676,0.44016,0.3813718379263324,0.0021660649819494893,32.15547703180212,27.750586401766906,0.42233177718704357,0.4278307814140817,0.41839780456836234,0.45289732299716123,CROUSD,0,HOLD,0.0,0.0,0.11721599999999996
2021-11-16 16:00:00,0.4164,0.4238,0.412,0.4123,6756644.401199999,-0.0040999999999999925,0.48201609321314937,0.43487,0.3877239067868506,-0.009846301633045118,29.25598991172762,28.85943083055695,0.4205078176984902,0.42635165921039997,0.4181955617033393,0.445546192336486,CROUSD,0,HOLD,0.0,0.0,0.11721599999999996
2021-11-16 18:00:00,0.4121,0.4124,0.392,0.3935,14457673.101200001,-0.018600000000000005,0.47330719443389,0.43009,0.3868728055661099,-0.045597865631821444,5.548549810844913,22.320005584791563,0.41559730538967377,0.4232229294474565,0.4140270090479119,0.43678714206828106,CROUSD,0,HOLD,0.0,1.0,0.11721599999999996
2021-11-16 20:00:00,0.3937,0.3964,0.3645,0.3808,26021433.0012,-0.012899999999999967,0.4680758447180384,0.425305,0.38253415528196155,-0.032274459974587,16.89119170984459,17.231910477472386,0.4092705225915512,0.4191826500852045,0.4061308213140303,0.4297561330638844,CROUSD,0,HOLD,0.0,2.0,0.11721599999999996
2021-11-16 22:00:00,0.3808,0.4895,0.3721,0.426,71412918.6012,0.04519999999999996,0.45975503331994716,0.42301,0.38626496668005283,0.11869747899159644,49.2,23.879913840229847,0.41231224575672376,0.4198319215590584,0.41239740135609565,0.42590846484844497,CROUSD,0,HOLD,0.0,0.0,0.11721599999999996
2021-11-17 00:00:00,0.4265,0.473,0.417,0.4486,75540768.5012,0.02210000000000001,0.46086570772963564,0.423325,0.38578429227036437,0.05305164319248834,67.28,44.457063903281544,0.41891001925550125,0.4225717387573012,0.41994542929090617,0.42876357506456864,CROUSD,0,HOLD,1.0,0.0,0.11721599999999996
2021-11-17 02:00:00,0.4484,0.4669,0.4389,0.439,25323900.001199998,-0.00940000000000002,0.45779065285307047,0.4225149999999999,0.38723934714692937,-0.02139991083370485,59.60000000000001,58.69333333333335,0.4225627430272283,0.4241363351714623,0.42125592640167553,0.42703830150249733,CROUSD,0,HOLD,0.0,0.0,0.11721599999999996
2021-11-17 04:00:00,0.4394,0.49,0.4387,0.4898,31050120.001200005,0.0504,0.46821457550685175,0.42417,0.38012542449314823,0.11571753986332567,99.84063745019922,75.57354581673309,0.4347876988404596,0.4303900179170022,0.42684589103635817,0.4303445265865511,CROUSD,0,HOLD,0.0,0.0,0.11721599999999996
2021-11-17 06:00:00,0.4898,0.5149,0.4757,0.4787,61987264.901200004,-0.011099999999999999,0.4765745040904762,0.42636,0.37614549590952384,-0.022662311147407133,75.93085106382979,78.4571628380097,0.44277175359673965,0.4349909688451311,0.43389307467429644,0.4361128924969791,CROUSD,0,HOLD,0.0,0.0,0.11721599999999996
2021-11-17 08:00:00,0.4793,0.52,0.4785,0.4895,67500795.50119999,0.010199999999999987,0.48587066501878257,0.42864499999999994,0.3714193349812173,0.022561102987256998,80.38585209003215,85.38578020135373,0.45126779839733244,0.4401823054044415,0.440799805804011,0.4419464745733284,CROUSD,0,HOLD,0.0,0.0,0.11721599999999996
2021-11-17 10:00:00,0.4894,0.6,0.4801,0.5748,115349693.8012,0.08539999999999998,0.5226396363975505,0.43571,0.34878036360244946,0.17425944841675167,89.29936305732484,81.8720220703956,0.47372819868872657,0.4530030388014426,0.4626314805358386,0.464751472484908,CROUSD,0,HOLD,1.0,0.0,0.11721599999999996
2021-11-17 12:00:00,0.5725,0.69,0.5201,0.5659,209706998.4012,-0.00660000000000005,0.5471628042464097,0.44318,0.33919719575359025,-0.015483646485734193,61.874039938556066,77.18641836197104,0.490486708018049,0.4637551307830214,0.4813432188121852,0.4862668673498106,CROUSD,0,HOLD,0.0,0.0,0.11721599999999996
2021-11-17 14:00:00,0.5658,0.5681,0.5028,0.5336,95210367.4012,-0.032200000000000006,0.5596607975606525,0.44905999999999996,0.33845920243934746,-0.0570772221240502,51.95084485407065,67.70808261665053,0.4983254883784037,0.47040702333504736,0.4892618352836684,0.49140215110493185,CROUSD,0,SELL,0.0,1.0,0.19483199999999992
2021-11-17 16:00:00,0.5338,0.548,0.5104,0.545,57356279.501200005,0.011199999999999988,0.5729161633820644,0.455255,0.3375938366179356,0.021364317841079616,55.45314900153612,56.426011264720955,0.5068117632186939,0.4775111165881181,0.5003526997561986,0.4943522358709588,CROUSD,0,BUY,0.0,0.0,0.19483199999999992
2021-11-17 18:00:00,0.5451,0.625,0.5325,0.5476,108153336.9012,0.0024999999999999467,0.5846695174892318,0.46210499999999993,0.3395404825107681,0.004770642201834763,56.25192012288787,54.55197132616488,0.5142278062698404,0.4841862485434184,0.5176173602031614,0.49842822209763044,CROUSD,0,HOLD,1.0,0.0,0.19483199999999992
2021-11-17 20:00:00,0.5476,0.6,0.5466,0.5615,100305053.0012,0.013900000000000023,0.5977958262877999,0.46901000000000004,0.34022417371220015,0.025383491599707764,60.52227342549924,57.40911418330776,0.522822750584415,0.49154946316924414,0.5326572559363435,0.5031329067966073,CROUSD,0,HOLD,2.0,0.0,0.19483199999999992
2021-11-17 22:00:00,0.5615,0.5919,0.541,0.5845,68684435.50119999,0.02300000000000002,0.6136248949808855,0.47724,0.34085510501911453,0.04096170970614432,67.5883256528418,61.45417306707632,0.5340367959327033,0.5004018954674253,0.5403190598556223,0.5071180449547573,CROUSD,0,HOLD,3.0,0.0,0.19483199999999992
2021-11-18 00:00:00,0.585,0.6,0.565,0.5831,44864015.7012,-0.0019000000000000128,0.6270179707580872,0.48512000000000005,0.343222029241913,-0.0023952095808383866,66.37307329348852,64.82789079060986,0.5429573784903936,0.5082779055992459,0.5453104779613526,0.5098884354142498,CROUSD,0,HOLD,0.0,0.0,0.19483199999999992
2021-11-18 02:00:00,0.5831,0.596,0.5605,0.5694,24364305.801200002,-0.013699999999999934,0.6355566570114912,0.49277499999999996,0.3499933429885087,-0.023495112330646384,55.824175824175846,63.2618582568354,0.5477651278557766,0.5140990575648551,0.5541468531649884,0.5116944462287635,CROUSD,0,SELL,0.0,1.0,0.2189879999999999
2021-11-18 04:00:00,0.5693,0.5796,0.5559,0.5562,20920488.801200002,-0.0131,0.6404085984806982,0.49981,0.3592114015193017,-0.023182297154899834,46.756864305610854,56.31803780775842,0.5492987409729081,0.5181086712035937,0.5626924067398976,0.5132340834591714,CROUSD,0,SELL,0.0,2.0,0.2189879999999999
2021-11-18 06:00:00,0.5564,0.5567,0.5141,0.5344,39257103.001200005,-0.02200000000000002,0.6413883177030753,0.50571,0.3700316822969248,-0.03919453434016551,38.08197373656984,46.887671288785526,0.5465898789778338,0.5196602263527891,0.5582359285981966,0.5148057219608725,CROUSD,0,SELL,0.0,3.0,0.2189879999999999
2021-11-18 08:00:00,0.5344,0.5353,0.5,0.5103,48040308.2012,-0.02410000000000001,0.6389650322963196,0.51061,0.3822549677036804,-0.04509730538922163,16.145590293980387,33.661476112053705,0.5399917191636823,0.5187687762105777,0.5502862021826549,0.5155627769516783,CROUSD,0,SELL,0.0,4.0,0.2189879999999999
2021-11-18 10:00:00,0.5103,0.5181,0.473,0.5053,64220686.1012,-0.0050000000000000044,0.6322261313579596,0.5162,0.40017386864204035,-0.009798157946306119,14.88479262672811,23.037452219092796,0.5336841338611946,0.5174860356016822,0.5466577025696383,0.5174923422592219,CROUSD,0,SELL,0.0,5.0,0.2189879999999999
2021-11-18 12:00:00,0.5052,0.5298,0.5034,0.5173,30395724.7012,0.0121,0.6200125059777766,0.523025,0.4260374940222234,0.023748268355432423,20.414746543778808,17.14837648816245,0.5307052004318865,0.5174683179251138,0.5446586383205491,0.5217230248394847,CROUSD,0,BUY,0.0,0.0,0.2189879999999999
2021-11-18 14:00:00,0.5173,0.523,0.505,0.5074,26921945.7012,-0.00990000000000002,0.6131552353312082,0.527095,0.4410347646687918,-0.0191378310458149,15.852534562211979,17.050691244239644,0.5264678912624526,0.5165094304930196,0.5409398391050053,0.5301596240571963,CROUSD,0,HOLD,0.0,0.0,0.2189879999999999
2021-11-18 16:00:00,0.5073,0.5074,0.4895,0.4996,24540873.5012,-0.007699999999999985,0.6086449193870328,0.529645,0.4506450806129673,-0.015372487189593942,17.500000000000004,17.922427035330276,0.5215828201238248,0.5148990085251132,0.5326058659219471,0.5376061632635843,CROUSD,0,HOLD,0.0,1.0,0.2189879999999999
2021-11-18 18:00:00,0.4989,0.5148,0.4967,0.5006,22909402.2012,0.0017000000000000348,0.6009075066312913,0.532725,0.4645424933687087,0.0020016012810248895,18.15789473684215,17.170143099684726,0.517767761919493,0.5135371981770013,0.5216210280655674,0.54040884660273,CROUSD,0,HOLD,0.0,0.0,0.2189879999999999
2021-11-18 20:00:00,0.5006,0.5061,0.4812,0.489,23178777.401200004,-0.011600000000000055,0.6009743927187416,0.5326850000000001,0.4643956072812585,-0.023172193367958505,10.526315789473692,15.394736842105294,0.5125372597523125,0.5112003221409124,0.5123765459492354,0.5420807291024893,CROUSD,0,HOLD,0.0,0.0,0.2189879999999999
2021-11-18 22:00:00,0.4889,0.5202,0.4872,0.5175,18703552.3012,0.02859999999999996,0.5985201072997133,0.5346249999999999,0.4707298927002866,0.05828220858895694,35.03937007874015,21.241193535018677,0.5134395761609829,0.5118002914652927,0.5101255909945569,0.5472623171032978,CROUSD,0,HOLD,0.0,0.0,0.2189879999999999
2021-11-19 00:00:00,0.5174,0.5255,0.5006,0.503,17247345.001199998,-0.014399999999999968,0.5974492939367929,0.5353,0.47315070606320714,-0.02801932367149751,23.62204724409451,23.062577704102797,0.5115414714044406,0.510962168462952,0.5076750519819545,0.5521986424330781,CROUSD,0,HOLD,0.0,0.0,0.2189879999999999
2021-11-19 02:00:00,0.5028,0.5205,0.5026,0.5109,10093934.9012,0.008099999999999996,0.5922416680329484,0.532105,0.4719683319670517,0.01570576540755475,29.842519685039402,29.501312335958033,0.5114248402399968,0.5109562476569205,0.5056390380024289,0.5475178518057058,CROUSD,0,HOLD,0.0,0.0,0.2189879999999999
2021-11-19 04:00:00,0.5106,0.5116,0.4989,0.5057,8244558.0012,-0.0049000000000000155,0.588125606691068,0.529095,0.47006439330893196,-0.010178117048346036,26.585365853658587,26.683310927597514,0.510383960196361,0.5104556526392151,0.505027751176526,0.5404600024632332,CROUSD,0,HOLD,0.0,0.0,0.2189879999999999
2021-11-19 06:00:00,0.5057,0.5276,0.5028,0.524,19035253.2012,0.018299999999999983,0.5876474897162998,0.5286150000000001,0.4695825102837003,0.03618746292268149,47.84240150093812,34.75676234654538,0.5128596037970227,0.5117455904895355,0.5081167149014486,0.5409587412857533,CROUSD,0,HOLD,0.0,0.0,0.2189879999999999
2021-11-19 08:00:00,0.524,0.5336,0.5127,0.527,31168977.501200005,0.0030000000000000027,0.5862423764103043,0.5277149999999999,0.4691876235896955,0.005725190839694694,64.51612903225814,46.31463212895162,0.5154305849248367,0.5131983914018523,0.5117302812628557,0.5397106320055688,CROUSD,0,HOLD,1.0,0.0,0.2189879999999999
2021-11-19 10:00:00,0.5271,0.56,0.5201,0.5476,38746183.70119999,0.020499999999999963,0.5862423764103044,0.527715,0.4691876235896956,0.03908918406072104,85.74712643678153,66.0352189899926,0.5212795694839574,0.5164747350912481,0.5204602937943268,0.53908245241569,CROUSD,0,HOLD,2.0,0.0,0.2189879999999999
2021-11-19 12:00:00,0.5475,0.5577,0.5351,0.5552,24495557.9012,0.00770000000000004,0.5852253632204651,0.5274,0.46957463677953487,0.01387874360847352,94.48275862068964,81.58200469657645,0.5274469204868742,0.5201628555723772,0.5267573642483551,0.5365264748146936,CROUSD,0,HOLD,3.0,0.0,0.2189879999999999
2021-11-19 14:00:00,0.5552,0.5648,0.5464,0.5588,24119109.8012,0.0035999999999999366,0.579575158307992,0.526115,0.47265484169200805,0.006484149855907617,92.82296650717701,91.01761718821608,0.5331474803983517,0.523842583625406,0.5326957259966094,0.53271980479822,CROUSD,0,SELL,4.0,0.0,0.2600729999999999
2021-11-19 16:00:00,0.559,0.5728,0.5556,0.5682,21308709.9012,0.009199999999999986,0.5758168495704016,0.52537,0.4749231504295985,0.016821760916249318,94.9781659388647,94.09463035557714,0.5395206657804696,0.5280670994833846,0.5396963078845842,0.5317196288339858,CROUSD,0,BUY,5.0,0.0,0.2600729999999999
2021-11-19 18:00:00,0.5682,0.573,0.5607,0.572,18123126.2012,0.0037999999999999146,0.5764356250058504,0.5255,0.47456437499414955,0.006687785990848072,98.91067538126362,95.5706026091018,0.5454259992749297,0.5322511852583233,0.5439846123953637,0.5329224197089594,CROUSD,0,HOLD,6.0,0.0,0.2600729999999999
2021-11-19 20:00:00,0.5718,0.585,0.5691,0.5727,27750111.7012,0.0009000000000000119,0.57982427200685,0.5263249999999999,0.47282572799314987,0.0012237762237763405,88.15028901734105,94.01304344582314,0.5503849084976699,0.5361034533384983,0.54956997511092,0.535923492163869,CROUSD,0,HOLD,7.0,0.0,0.2600729999999999
2021-11-19 22:00:00,0.573,0.5739,0.5493,0.5504,19545024.4012,-0.022599999999999953,0.5816022622776047,0.5271250000000001,0.4726477377223954,-0.03893836214422908,66.66666666666669,84.57587702175714,0.5503876524071845,0.5374650292140727,0.550802618142659,0.5369334449877954,CROUSD,0,HOLD,0.0,0.0,0.2600729999999999
2021-11-20 00:00:00,0.5505,0.5595,0.5498,0.5563,8938631.9012,0.005800000000000027,0.5847883310147828,0.529425,0.47406166898521734,0.010719476744186052,70.6543967280164,75.15711747067472,0.5514626246967872,0.5392588359592257,0.5522678343515733,0.5391666554829185,CROUSD,0,HOLD,0.0,0.0,0.2600729999999999
2021-11-20 02:00:00,0.5563,0.5697,0.5544,0.568,8356291.2012,0.011699999999999933,0.5892561764235684,0.53256,0.4758638235764316,0.02103181736473103,80.25551684088266,72.52552674518859,0.5544694202064623,0.5419960896824148,0.5553008439216831,0.542932200320787,CROUSD,0,HOLD,1.0,0.0,0.2600729999999999
2021-11-20 04:00:00,0.5679,0.5725,0.5636,0.5716,5986460.5012,0.0037000000000000366,0.5940564820464636,0.5352750000000001,0.47649351795353656,0.006338028169014187,84.43670150987226,78.44887169292379,0.5575840710780146,0.5448155097173394,0.5603809259116884,0.5447504551415252,CROUSD,0,HOLD,2.0,0.0,0.2600729999999999
2021-11-20 06:00:00,0.5716,0.5749,0.5424,0.5593,17267162.601200003,-0.012299999999999978,0.5960493995011598,0.53787,0.4796906004988402,-0.021518544436669007,70.150987224158,78.28106852497099,0.5578960581547392,0.5461949849844258,0.5629843654871599,0.5471455709833057,CROUSD,0,HOLD,0.0,0.0,0.2600729999999999
2021-11-20 08:00:00,0.5592,0.5638,0.5391,0.5402,16984172.501199998,-0.019000000000000017,0.5952199687939914,0.5399,0.4845800312060087,-0.03414983014482387,45.49878345498786,66.69549072967273,0.5546785930356958,0.5456240340327525,0.561344388786471,0.5480464211055492,CROUSD,0,HOLD,0.0,1.0,0.2600729999999999
2021-11-20 10:00:00,0.5401,0.5527,0.531,0.5475,16840100.7012,0.007399999999999962,0.5944383843357643,0.542245,0.49005161566423566,0.013513513513513375,48.13278008298752,54.59418358737781,0.5533733943019329,0.5458026974584242,0.5599370311681284,0.5492674467854123,CROUSD,0,HOLD,0.0,0.0,0.2600729999999999
2021-11-20 12:00:00,0.5476,0.5711,0.5458,0.5708,13259608.701200001,0.0232,0.5935422819984794,0.5463349999999999,0.49912771800152045,0.042557077625570816,78.12018489984591,57.250582812607114,0.5565418680652178,0.5481833929412214,0.560090436613719,0.5520646802971118,CROUSD,0,HOLD,1.0,0.0,0.2600729999999999
2021-11-20 14:00:00,0.5707,0.584,0.5673,0.5801,19696550.5012,0.009399999999999964,0.5969228716225992,0.5494649999999999,0.5020071283774006,0.0162929222144359,90.92592592592588,72.39296363625311,0.5608251647806327,0.5512230698070202,0.5620111336653214,0.5551118552103413,CROUSD,0,HOLD,2.0,0.0,0.2600729999999999
2021-11-20 16:00:00,0.5801,0.587,0.5734,0.5751,13644278.301199999,-0.0050000000000000044,0.5964445547527552,0.5530700000000001,0.509695445247245,-0.008619203585588653,78.74999999999994,82.5987036085906,0.5634205893659722,0.5534970631608024,0.561943531959333,0.5572111399095425,CROUSD,0,HOLD,0.0,0.0,0.2600729999999999
2021-11-20 18:00:00,0.5751,0.5824,0.5632,0.5801,15777626.5012,0.0050000000000000044,0.5966595323723165,0.55653,0.5164004676276834,0.008694140149539287,87.67857142857139,85.78483245149908,0.5664532094812499,0.5560306761951933,0.5656437863519909,0.5591422817489304,CROUSD,0,HOLD,0.0,0.0,0.2600729999999999
2021-11-20 20:00:00,0.5801,0.585,0.568,0.5756,17127662.001199998,-0.0044999999999999485,0.5930639801677664,0.560025,0.5269860198322336,-0.007757283227029732,79.64285714285718,82.02380952380952,0.5681162623028408,0.5578944213208492,0.5673310747979515,0.5607390783187937,CROUSD,0,HOLD,0.0,0.0,0.2600729999999999
2021-11-20 22:00:00,0.5754,0.6052,0.5751,0.6035,24368492.2012,0.028100000000000014,0.5979077385981704,0.564,0.5300922614018295,0.04847116052814471,97.7088948787063,88.34344115004497,0.5745496691568698,0.5622378097694106,0.572913237153901,0.5653517975400609,CROUSD,0,HOLD,0.0,0.0,0.2600729999999999
2021-11-21 00:00:00,0.6034,0.63,0.5941,0.6288,34918704.9012,0.025399999999999978,0.6095430084757191,0.56909,0.5286369915242809,0.041922120961060516,98.78787878787881,92.04654360314744,0.5844133656738026,0.5685770659857141,0.5823424584273013,0.5743587367259742,CROUSD,0,HOLD,1.0,0.0,0.2600729999999999
2021-11-21 02:00:00,0.6287,0.6389,0.6147,0.6387,22294816.4012,0.010000000000000009,0.6233639776327095,0.573645,0.5239260223672905,0.015744274809160297,99.81464318813718,98.77047228490744,0.5942836628240203,0.5752554406574266,0.5899672733340583,0.5809685117772514,CROUSD,0,HOLD,2.0,0.0,0.2600729999999999
2021-11-21 04:00:00,0.6384,0.65,0.6242,0.6358,25336773.1012,-0.0025999999999999357,0.6337578287821708,0.5776749999999999,0.5215921712178291,-0.004540472835447007,88.06722689075632,95.55658295559078,0.6018320877651075,0.5810215891691219,0.5986497461826279,0.5866435202695935,CROUSD,0,HOLD,0.0,0.0,0.2600729999999999
2021-11-21 06:00:00,0.6358,0.68,0.6348,0.6616,45389099.1012,0.025799999999999934,0.6494622970984276,0.582815,0.5161677029015723,0.04057879836426537,87.65100671140934,91.8442922634343,0.6126989808987244,0.588695723537434,0.6124506747860309,0.5978053781430118,CROUSD,0,HOLD,0.0,0.0,0.2600729999999999
2021-11-21 08:00:00,0.6609,0.745,0.659,0.7013,110882275.9012,0.04039999999999999,0.674121809443774,0.5894699999999999,0.5048181905562259,0.060006045949214215,79.57943925233646,85.09922428483405,0.6288082570989564,0.5994199403477757,0.6357252049649582,0.6221758122885231,CROUSD,0,HOLD,1.0,0.0,0.2600729999999999
2021-11-21 10:00:00,0.7012,0.75,0.6844,0.697,107635267.0012,-0.0042000000000000925,0.6925262764385374,0.59572,0.4989137235614627,-0.00613147012690729,75.79908675799084,81.00984424057889,0.641206755808237,0.6087132793657097,0.6495319204973077,0.6352818297919658,CROUSD,0,HOLD,0.0,0.0,0.2600729999999999
2021-11-21 12:00:00,0.6973,0.76,0.6877,0.7576,72620385.9012,0.06030000000000002,0.7250353526227318,0.604965,0.48489464737726823,0.08694404591104754,98.95196506550221,84.77683035860984,0.6623691638431031,0.6228929670499099,0.663935965442668,0.6497263731498616,CROUSD,0,HOLD,0.0,0.0,0.2600729999999999
2021-11-21 14:00:00,0.7571,0.85,0.7422,0.7899,171804244.30120003,0.03280000000000005,0.7597212666467941,0.6169399999999999,0.47415873335320574,0.04263463569165782,80.2432610124918,84.99810427866163,0.6855565885989024,0.6387983987642569,0.688992668466515,0.6755174505430835,CROUSD,0,HOLD,1.0,0.0,0.2600729999999999
2021-11-21 16:00:00,0.7899,0.8304,0.7197,0.7241,89202170.30119999,-0.06580000000000008,0.7727528019212617,0.6253299999999999,0.47790719807873816,-0.08330168375743774,56.1018131101813,78.43234639605845,0.6925644815809202,0.6469223607889335,0.697234216245078,0.6799812267408416,CROUSD,0,HOLD,0.0,0.0,0.2600729999999999
2021-11-21 18:00:00,0.7241,0.7626,0.6814,0.7163,90667077.50119999,-0.007799999999999918,0.7829190810911748,0.632745,0.4825709189088252,-0.010771992818671361,53.3821478382148,63.24240732029599,0.6968800303843893,0.6535297550011485,0.7049435624022464,0.6832363069338159,CROUSD,0,SELL,0.0,1.0,0.4066919999999999
2021-11-21 20:00:00,0.7157,0.7848,0.6916,0.6994,88189067.0012,-0.01629999999999998,0.7892302297709685,0.639135,0.48903977022903156,-0.023593466424682408,47.48953974895398,52.32450023245004,0.6973382066781366,0.6578983497639233,0.7115055315795966,0.6848324094521072,CROUSD,0,SELL,0.0,2.0,0.4066919999999999
2021-11-21 22:00:00,0.6995,0.7067,0.6524,0.6862,61150624.8012,-0.013299999999999979,0.7920528143099418,0.64548,0.4989071856900583,-0.018873319988561565,41.914893617021306,47.595527068063376,0.6953130781912027,0.6605937450250488,0.7147654828484475,0.6874050005058643,CROUSD,0,SELL,0.0,3.0,0.4066919999999999
2021-11-22 00:00:00,0.6863,0.705,0.6776,0.698,23600110.2012,0.011699999999999933,0.79290040189375,0.65337,0.51383959810625,0.017196152725152958,44.70716624226991,44.703866536081755,0.6958016094291659,0.6641562454995075,0.719738261737104,0.6904318032129917,CROUSD,0,BUY,0.0,0.0,0.4066919999999999
2021-11-22 02:00:00,0.698,0.7051,0.6711,0.6724,19132824.7012,-0.025599999999999956,0.7900798898121024,0.659615,0.5291501101878975,-0.03667621776504293,30.59788980070341,39.07331655333156,0.6915467713511357,0.6649413649758752,0.7260370926826916,0.6931494500530576,CROUSD,0,HOLD,0.0,0.0,0.4066919999999999
2021-11-22 04:00:00,0.6723,0.6828,0.6627,0.6765,19425608.8012,0.0041999999999999815,0.7886046908015846,0.6649,0.5411953091984155,0.0060975609756097615,26.264343391415206,33.856466478129526,0.6888109947418384,0.6660421873592905,0.7317984969779276,0.6950854381582954,CROUSD,0,HOLD,0.0,0.0,0.4066919999999999
2021-11-22 06:00:00,0.6765,0.77,0.6694,0.7556,53851440.9012,0.07910000000000006,0.7969495993386518,0.673675,0.5504004006613482,0.11692535107169255,58.19309123117806,38.35177480776557,0.7009544502433223,0.6745715028500413,0.7421383847436568,0.6998949024877178,CROUSD,0,HOLD,1.0,0.0,0.4066919999999999
2021-11-22 08:00:00,0.7542,0.7769,0.7297,0.7742,50878368.20119999,0.020000000000000018,0.805536074284132,0.68363,0.5617239257158679,0.024616199047114762,64.77695167286245,49.74479543181858,0.7142718229263546,0.6840599311512042,0.7422919697462215,0.704201688629504,CROUSD,0,HOLD,2.0,0.0,0.4066919999999999
2021-11-22 10:00:00,0.7742,0.7749,0.7055,0.7255,48585707.7012,-0.048699999999999966,0.8038208013096833,0.6909,0.5779791986903167,-0.06290364246964608,36.9939271255061,53.32132334318222,0.7163133096670173,0.6880066043753382,0.7211381222844504,0.7072346557740387,CROUSD,0,HOLD,0.0,0.0,0.4066919999999999
2021-11-22 12:00:00,0.7255,0.7272,0.6934,0.6985,32334162.1012,-0.027000000000000024,0.796067814489761,0.697045,0.598022185510239,-0.03721571330117168,23.329959514170056,41.70027943751288,0.713074526091196,0.6890059753873115,0.7184390712937746,0.7099178122589923,CROUSD,0,SELL,0.0,1.0,0.40718699999999997
2021-11-22 14:00:00,0.6987,0.7298,0.698,0.7285,33471581.0012,0.02980000000000005,0.7927773822707133,0.703295,0.6138126177292867,0.04294917680744459,38.512145748987884,32.94534412955469,0.7158791577109785,0.692767311065053,0.7200647490995845,0.7136351821100887,CROUSD,0,BUY,0.0,0.0,0.40718699999999997
2021-11-22 16:00:00,0.7287,0.7435,0.7184,0.7271,31113565.1012,-0.0016000000000000458,0.7910131756319576,0.70821,0.6254068243680424,-0.001921757035003524,37.80364372469635,33.21524966261811,0.7179193108544369,0.6960370909638888,0.7244780770932374,0.7179956947334792,CROUSD,0,HOLD,0.0,0.0,0.40718699999999997
2021-11-22 18:00:00,0.727,0.79,0.7115,0.7726,51648256.9012,0.045599999999999974,0.7956719936493731,0.714905,0.6341380063506269,0.0625773621235044,67.52808988764042,47.94795978710823,0.7278612543354485,0.7033287965869192,0.7385255577693717,0.7221677846469036,CROUSD,0,HOLD,0.0,0.0,0.40718699999999997
2021-11-22 20:00:00,0.7729,0.7796,0.7467,0.7607,42788355.401200004,-0.012199999999999989,0.7951987606065654,0.72115,0.6471012393934346,-0.01540253688842852,78.70639534883722,61.34604298705801,0.733831935365367,0.7087927207218668,0.7431587472564324,0.7263418168850555,CROUSD,0,HOLD,0.0,0.0,0.40718699999999997
2021-11-22 22:00:00,0.7607,0.7799,0.744,0.7638,34828143.0012,0.0030999999999999917,0.7970389263909298,0.72626,0.6554810736090703,0.004075193900354934,80.9593023255814,75.73126252068636,0.7392806743898457,0.7140315092248659,0.7471050383240436,0.7316539664209296,CROUSD,0,HOLD,0.0,0.0,0.40718699999999997
2021-11-23 00:00:00,0.7638,0.7699,0.7488,0.752,17572307.2012,-0.011800000000000033,0.7994414727022036,0.7287950000000001,0.6581485272977966,-0.015449070437287271,72.38372093023254,77.3498062015504,0.7415932790462374,0.7176475559655545,0.7493073176391642,0.7371446793348913,CROUSD,0,HOLD,0.0,0.0,0.40718699999999997
2021-11-23 02:00:00,0.7517,0.7644,0.735,0.755,13968478.5012,0.0032999999999999696,0.8016039174343454,0.731695,0.6617860825656545,0.003989361702127603,72.50589159465828,75.2829716168241,0.7440308646741943,0.7212049315880603,0.7489748643218503,0.7438436773515283,CROUSD,0,HOLD,0.0,0.0,0.40718699999999997
2021-11-23 04:00:00,0.755,0.777,0.7487,0.7614,17246380.2012,0.006399999999999961,0.8021102998344765,0.7318849999999999,0.6616597001655233,0.008476821192052952,77.53338570306359,74.14099940931816,0.7471888892788862,0.7250330333417514,0.7473160066079476,0.7424942553737199,CROUSD,0,HOLD,1.0,0.0,0.40718699999999997
2021-11-23 06:00:00,0.7615,0.8037,0.7613,0.8013,35915958.301199995,0.03980000000000006,0.8048156021039221,0.7324550000000001,0.660094397896078,0.05240346729708434,98.29787234042556,82.7790498793825,0.7570272730463614,0.7322965539761673,0.7576421684319689,0.7317442409083385,CROUSD,0,HOLD,2.0,0.0,0.40718699999999997
2021-11-23 08:00:00,0.8019,0.8379,0.7815,0.8056,70279179.7012,0.0037000000000000366,0.8157625584326892,0.73653,0.6572974415673108,0.00536627979533244,80.83086053412462,85.55403952587126,0.765858677947023,0.739277834550124,0.7719250899610965,0.7412698324254352,CROUSD,0,HOLD,3.0,0.0,0.40718699999999997
2021-11-23 10:00:00,0.8056,0.8745,0.8056,0.8476,70317510.4012,0.04200000000000004,0.8358707335559367,0.7430950000000001,0.6503192664440635,0.052135054617676424,85.14632799558254,88.09168695671092,0.7807207365021098,0.7495942312599814,0.7888835980705255,0.7574054364705713,CROUSD,0,SELL,4.0,0.0,0.525096
2021-11-23 12:00:00,0.8486,0.8699,0.8321,0.851,54205283.9012,0.0023999999999999577,0.8527275741700662,0.750675,0.6486224258299338,0.004011326097215662,87.02374378796242,84.33364410588987,0.7934987844108171,0.7592519235212281,0.8010063852097319,0.7728145819577653,CROUSD,0,BUY,5.0,0.0,0.525096
2021-11-23 14:00:00,0.8508,0.8973,0.8471,0.8825,70602818.1012,0.03169999999999995,0.8735936580915235,0.76049,0.6473863419084765,0.037015276145710985,92.7415399705738,88.30387058470626,0.8096808236088503,0.770989835567147,0.8172425211473906,0.7920864317584345,CROUSD,1,HOLD,6.0,0.0,0.525096
2021-11-23 16:00:00,0.8817,0.93,0.8766,0.8868,102973569.8012,0.005099999999999993,0.8922161372700156,0.76993,0.6476438627299844,0.004872521246459094,81.37931034482759,87.04819803445461,0.8237024920436048,0.7820193750372159,0.8346258111757175,0.8079971327036538,CROUSD,0,HOLD,7.0,0.0,0.525096
2021-11-23 18:00:00,0.8864,0.8893,0.851,0.8728,24434792.50053,-0.013599999999999945,0.9014261401740234,0.77995,0.6584738598259766,-0.015787099684258066,73.82151029748283,82.6474535376281,0.8326293116720402,0.7906651488433892,0.8410335202986875,0.8124108027316039,CROUSD,0,HOLD,0.0,0.0,0.525096
2021-11-23 20:00:00,0.8734,0.8771,0.821,0.8431,82808051.20120001,-0.030299999999999994,0.90252018280982,0.7882800000000001,0.6740398171901801,-0.03402841429880854,60.228832951945044,71.8098845314185,0.8345330731862147,0.7956589441917392,0.8439728274811427,0.8174049576914939,CROUSD,0,HOLD,0.0,1.0,0.525096
2021-11-23 22:00:00,0.8421,0.8965,0.8402,0.8812,38733127.5012,0.039100000000000024,0.9148830458741012,0.7945599999999999,0.6742369541258987,0.04519036887676431,74.97435897435895,69.67490074126228,0.8430179689705393,0.8038057114117232,0.8482823176786325,0.8232613611752708,CROUSD,1,HOLD,0.0,0.0,0.525096
2021-11-24 00:00:00,0.8811,0.9097,0.8622,0.9082,32723541.6012,0.027100000000000013,0.9313372952395697,0.8012600000000001,0.6711827047604305,0.030640036314117047,88.8205128205128,74.67456824893895,0.8548692473395322,0.813748024610772,0.8540572210093296,0.8289358633679692,CROUSD,1,HOLD,1.0,0.0,0.525096
2021-11-24 02:00:00,0.9081,0.945,0.8998,0.9211,41283315.8012,0.013000000000000012,0.9464377128003977,0.81104,0.6756422871996023,0.014203919841444534,88.61904761904765,84.13797313797313,0.8669112023687082,0.8239720222670426,0.8623490199432431,0.8376719732336835,CROUSD,1,HOLD,2.0,0.0,0.525096
2021-11-24 04:00:00,0.9218,0.9362,0.8908,0.9307,40404585.7012,0.008900000000000019,0.9572347336302146,0.82265,0.6880652663697854,0.010422321137770085,93.1904761904762,90.21001221001222,0.8785091655743977,0.8341365915750816,0.8759364648183745,0.8455584039795206,CROUSD,1,HOLD,3.0,0.0,0.525096
2021-11-24 06:00:00,0.9307,0.97,0.905,0.9564,55867130.7012,0.025700000000000056,0.9735666712086052,0.8340449999999999,0.6945233287913947,0.027613624153862704,93.85449615906012,91.88800665619466,0.8926711354699618,0.8457807257109314,0.8887261791171164,0.8557240039620481,CROUSD,1,SELL,4.0,0.0,0.6294420000000001
2021-11-24 08:00:00,0.9563,0.9889,0.924,0.971,97146087.50119999,0.014699999999999935,0.9890022152576204,0.8462399999999999,0.7034777847423793,0.015265579255541617,92.13532513181019,93.06009916044884,0.9069127472026961,0.8577063708814516,0.9060642835414981,0.8699838630272838,CROUSD,1,BUY,5.0,0.0,0.6294420000000001
2021-11-24 10:00:00,0.9723,0.9843,0.9269,0.9326,69646138.1012,-0.03970000000000007,0.9975579666997385,0.8542399999999999,0.7109220333002613,-0.039546858908341864,72.85438765670203,86.28140298252413,0.9115831568022058,0.8648390974642424,0.9126129472595091,0.8774022675290918,CROUSD,1,HOLD,0.0,0.0,0.6294420000000001
2021-11-24 12:00:00,0.9325,0.9578,0.875,0.9128,68709328.50119999,-0.01970000000000005,1.0003239624911726,0.861845,0.7233660375088273,-0.021230967188505256,58.48336061102016,74.49102446651081,0.9118044010199865,0.8694068024676896,0.9180057169391471,0.8825803088267374,CROUSD,1,HOLD,0.0,1.0,0.6294420000000001
2021-11-24 14:00:00,0.9134,0.9539,0.9,0.9055,43160140.4012,-0.007900000000000018,1.0006210275487368,0.86893,0.7372389724512632,-0.007997370727432007,50.32757593805837,60.55510806859353,0.9106581462890799,0.8728442498517475,0.9192640449577676,0.8859367714803787,CROUSD,1,HOLD,0.0,2.0,0.6294420000000001
2021-11-24 16:00:00,0.9057,0.91,0.8664,0.8858,47715023.0012,-0.019899999999999918,0.9953511479502043,0.87562,0.7558888520497956,-0.021755935946990546,38.59440142942231,49.135112659500294,0.906138483327429,0.8740781308182568,0.9274513797663465,0.8874162981337176,CROUSD,1,HOLD,0.0,3.0,0.6294420000000001
2021-11-24 18:00:00,0.8858,0.915,0.88,0.8873,44326344.001200005,0.0014999999999999458,0.9876723603015954,0.882235,0.7767976396984045,0.001693384511176177,39.487790351399646,42.80325590629345,0.9027133045406236,0.8753373564546219,0.9272963286549764,0.8886584062203875,CROUSD,1,HOLD,0.0,0.0,0.6294420000000001
2021-11-24 20:00:00,0.8872,0.8949,0.8563,0.8577,38273663.3012,-0.02949999999999997,0.9768956102667825,0.88705,0.7972043897332175,-0.03335963033923128,21.85824895771296,33.31348024617831,0.8945290673514195,0.873657608220838,0.9237157128118795,0.8893815940159892,CROUSD,1,HOLD,0.0,0.0,0.6294420000000001
2021-11-24 22:00:00,0.8577,0.8676,0.83,0.83,43731865.501200005,-0.027700000000000058,0.9733422367661061,0.888485,0.8036277632338938,-0.032295674478255876,5.360333531864208,22.235457613658948,0.8827965096511614,0.8694997407712115,0.9169970598675152,0.8903659046286064,CROUSD,1,HOLD,0.0,1.0,0.6294420000000001
2021-11-25 00:00:00,0.83,0.8975,0.8247,0.8799,41508204.3012,0.049900000000000055,0.9677768274149248,0.8922000000000001,0.8166231725850754,0.06012048192771102,33.6175395858709,20.2787073584827,0.8822698715327684,0.8704902416501487,0.9132189798863012,0.895500376942647,CROUSD,1,HOLD,0.0,0.0,0.6294420000000001
2021-11-25 02:00:00,0.8799,0.8945,0.8468,0.8532,32031825.1012,-0.026700000000000057,0.9673997352961297,0.8924799999999999,0.8175602647038702,-0.030344357313331072,17.35688185140071,18.778251656378615,0.8769844403449922,0.8688435519691746,0.9045613481639251,0.8979114664987068,CROUSD,1,HOLD,0.0,0.0,0.6294420000000001
2021-11-25 04:00:00,0.8535,0.8558,0.7696,0.7978,39639212.2012,-0.05570000000000008,0.9741299444718247,0.88982,0.8055100555281755,-0.06493202062822312,12.859097127222979,21.277839521498205,0.8625872693731753,0.8620774994006541,0.8809308896173057,0.8976724025611726,CROUSD,1,HOLD,0.0,1.0,0.6294420000000001
2021-11-25 06:00:00,0.7983,0.8306,0.7628,0.7734,58007924.6012,-0.024900000000000033,0.9834860695112432,0.8843650000000001,0.785243930488757,-0.030584106292303792,4.688191065900019,11.63472334817458,0.8463714022144162,0.8536320232672273,0.8590467793703561,0.8932465957001767,CROUSD,1,HOLD,0.0,2.0,0.6294420000000001
2021-11-25 08:00:00,0.7736,0.7938,0.7386,0.7901,86822886.70120001,0.01650000000000007,0.9872148247139969,0.8795299999999999,0.7718451752860029,0.021592966123610058,20.575309628445865,12.707532607189629,0.8361402381754315,0.847581354384614,0.8383107526097399,0.8863407723843661,CROUSD,1,HOLD,0.0,0.0,0.6294420000000001
2021-11-25 10:00:00,0.7906,0.8067,0.74,0.764,81852164.70120001,-0.026599999999999957,0.993554699036115,0.87409,0.754625300963885,-0.033033793190735405,10.147822612864555,11.803774435736822,0.8230238312344439,0.8396212253955789,0.8218270074706514,0.8791334260602097,CROUSD,1,HOLD,0.0,0.0,0.6294420000000001
2021-11-25 12:00:00,0.764,0.7803,0.747,0.7752,39802103.801199995,0.011199999999999988,0.9975014828991926,0.8706950000000001,0.7438885171008076,0.014659685863874339,14.896214896214888,15.20644904584178,0.8143285891918177,0.8334858705959832,0.812080004180628,0.8786802927073584,CROUSD,1,HOLD,0.0,0.0,0.6294420000000001
2021-11-25 14:00:00,0.7752,0.8024,0.7694,0.7933,40123710.501200005,0.018100000000000005,0.9975873585929574,0.8662999999999998,0.7350126414070423,0.023348813209494335,24.954379562043787,16.666139023707753,0.81050520933876,0.8296586448249277,0.8037610098558439,0.8756204356674284,CROUSD,1,HOLD,1.0,0.0,0.6294420000000001
2021-11-25 16:00:00,0.7933,0.8144,0.7868,0.8108,33333423.201199997,0.01749999999999996,0.9933973500290291,0.86143,0.729462649970971,0.02205975040968111,33.53460287970272,24.46173244598714,0.8105588076408038,0.8278625834130258,0.8001669330898334,0.8724817904612339,CROUSD,0,HOLD,2.0,0.0,0.6294420000000001
2021-11-25 18:00:00,0.8108,0.8118,0.7646,0.7695,35043415.3012,-0.0413,0.9887687279731572,0.8538499999999999,0.7189312720268426,-0.050937345831277736,17.517006802721045,25.335329748155857,0.8030935698879303,0.8223042421355835,0.7954903931854027,0.866971154832171,CROUSD,0,HOLD,0.0,0.0,0.6294420000000001
2021-11-25 20:00:00,0.7698,0.77,0.7348,0.736,36544541.1012,-0.03380000000000005,0.9837022453078421,0.8441150000000001,0.704527754692158,-0.04353476283300839,0.6659267480577018,17.2391788101605,0.7908947389992157,0.8140847905036082,0.7839606465848528,0.8597984509717815,CROUSD,1,HOLD,0.0,1.0,0.6294420000000001
2021-11-25 22:00:00,0.7363,0.7636,0.7356,0.7631,24162555.7012,0.026800000000000046,0.9679369281989818,0.83445,0.7009630718010182,0.03682065217391317,17.3939766441303,11.858970064969691,0.7858411500902674,0.8092290961699231,0.7781657560181177,0.8506846705592171,CROUSD,0,HOLD,0.0,0.0,0.6294420000000001
2021-11-26 00:00:00,0.7629,0.7658,0.737,0.7402,12998162.701200001,-0.022700000000000053,0.9462092406174596,0.8229099999999999,0.6996107593825402,-0.030009173109684206,3.318992009834027,7.1262984673406855,0.7775427591647642,0.8026548965346824,0.7751708547484913,0.8332511512718679,CROUSD,0,HOLD,0.0,0.0,0.6294420000000001
2021-11-26 02:00:00,0.7402,0.7406,0.6616,0.6861,48276480.60118,-0.054099999999999926,0.9369593857291547,0.810585,0.6842106142708453,-0.07308835449878404,10.385756676557897,10.36624177684075,0.7609168029529889,0.7915544301980308,0.7657018839786438,0.8162201559675263,CROUSD,0,HOLD,0.0,1.0,0.6294420000000001
2021-11-26 04:00:00,0.6863,0.6899,0.6521,0.6521,31969173.60119,-0.03420000000000001,0.9329878241501481,0.79755,0.6621121758498518,-0.04955545838799014,0.0,4.56824956213065,0.7411319296888091,0.7782730558934402,0.7495923831180096,0.8012937007930727,CROUSD,1,HOLD,0.0,2.0,0.6294420000000001
2021-11-26 06:00:00,0.6522,0.7089,0.643,0.7069,56770376.501200005,0.05469999999999997,0.9187874638732774,0.78762,0.6564525361267226,0.08403619076828694,30.02819548872179,13.47131738842657,0.7349079424726619,0.7714756219988191,0.7385597768808049,0.7889384169881137,CROUSD,0,HOLD,0.0,0.0,0.6294420000000001
2021-11-26 08:00:00,0.7069,0.723,0.6939,0.7055,42799112.301199995,-0.0013999999999999568,0.9060926832028146,0.778605,0.6511173167971854,-0.0019804781440090347,33.31556503198295,21.114586840234924,0.7295610438412689,0.7651922294274967,0.7304285000365799,0.7788078140389874,CROUSD,0,HOLD,0.0,0.0,0.6294420000000001
2021-11-26 10:00:00,0.7059,0.7074,0.6803,0.692,28761137.599999998,-0.013900000000000023,0.8910830607222228,0.7688400000000001,0.6465969392777774,-0.019135364989369297,28.588098016336016,30.64395284568026,0.7227317631428563,0.7582215409105859,0.7202684539884949,0.7697564068208642,CROUSD,0,HOLD,0.0,1.0,0.6294420000000001
